产品名称,单位,本期价格（元）,比上期价格涨跌（元）,涨跌幅（%）
一、黑色金属,,,,
螺纹钢（Φ20mm，HRB400E）,吨,3062.9,0.2,0.0
线材（Φ8—10mm，HPB300）,吨,3254.7,10.2,0.3
普通中板（20mm，Q235）,吨,3482.4,15.5,0.4
热轧普通板卷（4.75—11.5mm，Q235）,吨,3265.3,24.2,0.7
无缝钢管（219*6，20#）,吨,4010.5,-12.2,-0.3
角钢（5#）,吨,3410.1,-6.9,-0.2
二、有色金属,,,,
电解铜（1#）,吨,108236.3,738.0,0.7
铝锭（A00）,吨,23956.3,183.0,0.8
铅锭（1#）,吨,15665.6,203.1,1.3
锌锭（0#）,吨,25517.5,143.3,0.6
三、化工产品,,,,
硫酸（98%）,吨,1940.6,-43.1,-2.2
烧碱（液碱，32%）,吨,684.5,-0.3,0.0
甲醇（优等品）,吨,2635.6,156.2,6.3
纯苯（石油苯，工业级）,吨,7943.2,456.2,6.1
乙醇（95.0%）,吨,5389.2,-69.4,-1.3
聚乙烯（LLDPE，熔融指数2薄膜料）,吨,8602.3,189.0,2.2
聚丙烯（拉丝料）,吨,9034.4,195.8,2.2
冰醋酸（99.5%及以上）,吨,2966.7,-22.5,-0.8
顺丁胶（BR9000）,吨,13489.6,917.4,7.3
涤纶长丝（POY150D/48F）,吨,8590.6,140.6,1.7
磷酸铁锂（普通动力型）,吨,56114.5,2382.0,4.4
四、石油天然气,,,,
液化天然气（LNG）,吨,5572.8,33.3,0.6
液化石油气（LPG）,吨,5808.5,17.6,0.3
汽油（95#国VI）,吨,9550.0,109.9,1.2
柴油（0#国VI）,吨,8056.3,150.6,1.9
石蜡（58#半）,吨,7458.4,92.1,1.3
五、煤炭,,,,
无烟煤（洗中块）,吨,1354.5,40.5,3.1
山西优混（5500大卡）,吨,862.0,21.2,2.5
焦煤（主焦煤）,吨,2043.1,134.8,7.1
焦炭（准一级冶金焦）,吨,1646.4,-33.3,-2.0
六、非金属矿物制品,,,,
普通硅酸盐水泥（P.O 42.5散装）,吨,249.1,2.3,0.9
浮法平板玻璃（5/6mm）,吨,1084.6,-11.0,-1.0
多晶硅（致密料）,千克,35.4,3.9,12.4
七、农产品（主要用于加工）,,,,
稻米（粳稻米）,吨,3982.6,-5.4,-0.1
小麦（国标三等）,吨,2395.1,4.3,0.2
玉米（黄玉米二等）,吨,2235.8,-5.8,-0.3
棉花（皮棉，白棉三级）,吨,17484.0,286.0,1.7
生猪（外三元）,千克,11.0,0.6,5.8
大豆（黄豆）,吨,4533.2,68.4,1.5
豆粕（粗蛋白含量≥43%）,吨,3101.1,56.1,1.8
花生（油料花生米）,吨,7358.3,0.0,0.0
白糖（国标一级白砂糖）,吨,5200.0,25.8,0.5
八、农业生产资料,,,,
尿素（中小颗粒）,吨,1750.4,-20.0,-1.1
磷肥（55%磷酸一铵）,吨,4439.1,-32.8,-0.7
钾肥（港口62%白色氯化钾）,吨,3110.9,-24.1,-0.8
复合肥（硫酸钾复合肥，氮磷钾含量45%）,吨,3627.8,-12.2,-0.3
农药（草甘膦，95%原药）,吨,25950.0,-50.0,-0.2
九、林产品,,,,
天然橡胶（标准胶SCRWF）,吨,17100.0,301.4,1.8
纸浆（进口针叶浆）,吨,4840.8,42.0,0.9
瓦楞纸（AA级120g）,吨,3228.8,16.4,0.5
注：上期为2026年8月上旬。,,,,
